"line number","contest name","choice name","party name","total votes","percent of votes","registered voters","ballots cast","num County total","num County rptg","over votes","under votes"
1,"REP - United States Senator","Roque ''Rocky'' De La Fuente","",6591,11.09,0,0,871,579,"0","0"
2,"REP - United States Senator","Rick Scott","",52819,88.91,0,0,871,579,"0","0"
3,"REP - Congress, 18","Dave Cummings","",1933,10.76,0,0,253,158,"0","0"
4,"REP - Congress, 18","Mark Freeman","",2132,11.87,0,0,253,158,"0","0"
5,"REP - Congress, 18","Brian Mast","",13893,77.36,0,0,253,158,"0","0"
6,"REP - Congress, 22","Nicolas Kimaz","",2670,37.73,0,0,59,41,"0","0"
7,"REP - Congress, 22","Javier ''Javi'' Manjarres","",2369,33.48,0,0,59,41,"0","0"
8,"REP - Congress, 22","Eddison Walters","",2037,28.79,0,0,59,41,"0","0"
9,"REP - Governor and  Lt.Governor","Don Baldauf","",565,0.96,0,0,871,579,"0","0"
10,"REP - Governor and  Lt.Governor","Ron DeSantis","",38756,65.96,0,0,871,579,"0","0"
11,"REP - Governor and  Lt.Governor","Timothy M. Devine","",660,1.12,0,0,871,579,"0","0"
12,"REP - Governor and  Lt.Governor","Bob Langford","",576,0.98,0,0,871,579,"0","0"
13,"REP - Governor and  Lt.Governor","John Joseph Mercadante","",465,0.79,0,0,871,579,"0","0"
14,"REP - Governor and  Lt.Governor","Bruce Nathan","",747,1.27,0,0,871,579,"0","0"
15,"REP - Governor and  Lt.Governor","Adam H. Putnam","",16089,27.38,0,0,871,579,"0","0"
16,"REP - Governor and  Lt.Governor","Bob White","",898,1.53,0,0,871,579,"0","0"
17,"REP - Attorney General","Ashley Moody","",32820,60.96,0,0,871,579,"0","0"
18,"REP - Attorney General","Frank White","",21015,39.04,0,0,871,579,"0","0"
19,"REP - Agriculture Commissioner","Matt Caldwell","",20323,39.78,0,0,871,579,"0","0"
20,"REP - Agriculture Commissioner","Denise Grimsley","",14747,28.86,0,0,871,579,"0","0"
21,"REP - Agriculture Commissioner","Mike McCalister","",11143,21.81,0,0,871,579,"0","0"
22,"REP - Agriculture Commissioner","Baxter Troutman","",4877,9.55,0,0,871,579,"0","0"
23,"REP - State Senate, 25","Gayle Harrell","",982,46.41,0,0,40,31,"0","0"
24,"REP - State Senate, 25","Belinda Keiser","",1134,53.59,0,0,40,31,"0","0"
25,"REP - State Rep, District  89","Mike Caruso","",5440,56.62,0,0,98,72,"0","0"
26,"REP - State Rep, District  89","Matt Spritz","",4168,43.38,0,0,98,72,"0","0"
27,"DEM - Congress, 18","Lauren Baer","",10647,64.56,0,0,253,158,"0","0"
28,"DEM - Congress, 18","Pam Keith","",5845,35.44,0,0,253,158,"0","0"
29,"DEM - Congress, 20","Sheila Cherfilus-McCormick","",3625,26.54,0,0,146,78,"0","0"
30,"DEM - Congress, 20","Alcee L. Hastings","",10034,73.46,0,0,146,78,"0","0"
31,"DEM - Congress, 22","Ted Deutch","",8564,91.02,0,0,59,41,"0","0"
32,"DEM - Congress, 22","Jeff Fandl","",845,8.98,0,0,59,41,"0","0"
33,"DEM - Governor and  Lt.Governor","Andrew Gillum","",27048,27.24,0,0,871,579,"0","0"
34,"DEM - Governor and  Lt.Governor","Gwen Graham","",28190,28.39,0,0,871,579,"0","0"
35,"DEM - Governor and  Lt.Governor","Jeff Greene","",14506,14.61,0,0,871,579,"0","0"
36,"DEM - Governor and  Lt.Governor","Chris King","",1380,1.39,0,0,871,579,"0","0"
37,"DEM - Governor and  Lt.Governor","Philip Levine","",27354,27.55,0,0,871,579,"0","0"
38,"DEM - Governor and  Lt.Governor","Alex ''Lundy'' Lundmark","",308,0.31,0,0,871,579,"0","0"
39,"DEM - Governor and  Lt.Governor","John Wetherbee","",502,0.51,0,0,871,579,"0","0"
40,"DEM - Attorney General","Sean Shaw","",71305,78.84,0,0,871,579,"0","0"
41,"DEM - Attorney General","Ryan Torrens","",19137,21.16,0,0,871,579,"0","0"
42,"DEM - Agriculture Commissioner","Nicole ''Nikki'' Fried","",61293,67.39,0,0,871,579,"0","0"
43,"DEM - Agriculture Commissioner","Jeffrey Duane Porter","",11417,12.55,0,0,871,579,"0","0"
44,"DEM - Agriculture Commissioner","Roy David Walker","",18248,20.06,0,0,871,579,"0","0"
45,"DEM - State Senate, 30","Rubin Anderson","",6525,24.30,0,0,384,196,"0","0"
46,"DEM - State Senate, 30","Bobby Powell Jr","",20322,75.70,0,0,384,196,"0","0"
47,"State Rep, District  81","Mindy Koch","",7047,38.34,0,0,71,62,"0","0"
48,"State Rep, District  81","Tina Polsky","",11333,61.66,0,0,71,62,"0","0"
49,"DEM - State Rep, District  87","Edgardo Hernandez","",1526,36.03,0,0,85,39,"0","0"
50,"DEM - State Rep, District  87","David Silvers","",2709,63.97,0,0,85,39,"0","0"
51,"DEM - State Rep, District  89","Jim Bonfiglio","",5636,56.15,0,0,98,72,"0","0"
52,"DEM - State Rep, District  89","Ryan A. Rossi","",4401,43.85,0,0,98,72,"0","0"
53,"DEM - County Commission 2","Emmanuel G. Morel","",1544,19.09,0,0,118,48,"0","0"
54,"DEM - County Commission 2","Sylvia Sharps","",2480,30.67,0,0,118,48,"0","0"
55,"DEM - County Commission 2","Gregg Weiss","",4063,50.24,0,0,118,48,"0","0"
56,"DEM - Port of Palm Beach Group 5","Joseph Anderson","",12018,49.88,0,0,316,178,"0","0"
57,"DEM - Port of Palm Beach Group 5","Scott Holtz","",7796,32.36,0,0,316,178,"0","0"
58,"DEM - Port of Palm Beach Group 5","John Charles Sansbury","",2648,10.99,0,0,316,178,"0","0"
59,"DEM - Port of Palm Beach Group 5","Kesnel Theus Jr","",1631,6.77,0,0,316,178,"0","0"
60,"Circuit Judge, 15th Circuit, Group 13","Jordan H. Jordan","",31357,20.71,0,0,871,579,"0","0"
61,"Circuit Judge, 15th Circuit, Group 13","Scott Ryan Kerner","",63375,41.85,0,0,871,579,"0","0"
62,"Circuit Judge, 15th Circuit, Group 13","Alcolya J.L. St. Juste","",56710,37.45,0,0,871,579,"0","0"
63,"Circuit Judge, 15th Circuit, Group 18","Maxine Cheesman","",62444,40.89,0,0,871,579,"0","0"
64,"Circuit Judge, 15th Circuit, Group 18","Marybel Reinoso Coleman","",48453,31.73,0,0,871,579,"0","0"
65,"Circuit Judge, 15th Circuit, Group 18","Joseph ''Joe'' Maryuma","",41822,27.38,0,0,871,579,"0","0"
66,"Circuit Judge, 15th Circuit, Group 25","Henry Quinn Johnson","",39057,25.42,0,0,871,579,"0","0"
67,"Circuit Judge, 15th Circuit, Group 25","Michael McAuliffe","",53356,34.72,0,0,871,579,"0","0"
68,"Circuit Judge, 15th Circuit, Group 25","Sarah Willis","",61251,39.86,0,0,871,579,"0","0"
69,"County Judge, Group 4","Allen ''Antonio'' Ambrosino","",21895,14.31,0,0,871,579,"0","0"
70,"County Judge, Group 4","Lloyd Comiter","",27588,18.03,0,0,871,579,"0","0"
71,"County Judge, Group 4","Gabriel ''Gabe'' Ermine","",20828,13.61,0,0,871,579,"0","0"
72,"County Judge, Group 4","Allegra Fung","",35914,23.47,0,0,871,579,"0","0"
73,"County Judge, Group 4","Ashley Zuckerman","",46807,30.59,0,0,871,579,"0","0"
74,"County Judge, Group 5","Sara Alijewicz","",79239,52.73,0,0,871,579,"0","0"
75,"County Judge, Group 5","Richard Llerena","",35747,23.79,0,0,871,579,"0","0"
76,"County Judge, Group 5","Jeremy Zubkoff","",35293,23.48,0,0,871,579,"0","0"
77,"Member, School Bd. District 7","Edwin Ferguson","",6935,39.02,0,0,105,67,"0","0"
78,"Member, School Bd. District 7","Debra Lynne Robinson","",10836,60.98,0,0,105,67,"0","0"
79,"Jupiter Inlet District 4","Shawn Ray Lopez","",4344,29.08,0,0,101,65,"0","0"
80,"Jupiter Inlet District 4","Gail P. Whipple","",10595,70.92,0,0,101,65,"0","0"
81,"Boca Raton Mayor","Alfred ''Al'' Zucaro","",5098,34.34,0,0,38,25,"0","0"
82,"Boca Raton Mayor","Scott Singer","",9281,62.51,0,0,38,25,"0","0"
83,"Boca Raton Mayor","Bernard Korn","",468,3.15,0,0,38,25,"0","0"
84,"Boca Raton City Council Seat A","Andy Thomson","",6205,43.40,0,0,38,25,"0","0"
85,"Boca Raton City Council Seat A","Kathryn ''Kathy'' Cottrell","",6432,44.99,0,0,38,25,"0","0"
86,"Boca Raton City Council Seat A","Tamara McKee","",1660,11.61,0,0,38,25,"0","0"
87,"Palm Beach Gardens Question 1","YES","",3263,34.83,0,0,52,29,"0","0"
88,"Palm Beach Gardens Question 1","NO","",6106,65.17,0,0,52,29,"0","0"
89,"Palm Beach Gardens Question 2","YES","",5397,60.64,0,0,52,29,"0","0"
90,"Palm Beach Gardens Question 2","NO","",3503,39.36,0,0,52,29,"0","0"
91,"Palm Beach Gardens Question 3","YES","",2720,30.17,0,0,52,29,"0","0"
92,"Palm Beach Gardens Question 3","NO","",6295,69.83,0,0,52,29,"0","0"
93,"Loxahatchee Groves Question","YES","",53,37.32,0,0,1,0,"0","0"
94,"Loxahatchee Groves Question","NO","",89,62.68,0,0,1,0,"0","0"
