<?xml version="1.0"?>
<!--Election result snapshot imported from Tabulation System
-->
<ElectionResult>
    <Timestamp>8/28/2018 8:24:18 PM EDT</Timestamp>
    <ElectionName>2018 Primary Election</ElectionName>
    <ElectionDate>8/28/2018</ElectionDate>
    <Region>Palm Beach</Region>
    <Contest key="1" text="REP - United States Senator" voteFor="1" isQuestion="false" precinctsReporting="871" precinctsReported="579">
        <Choice key="1" text="Roque ''Rocky'' De La Fuente" totalVotes="6591" />
        <Choice key="2" text="Rick Scott" totalVotes="52819" />
    </Contest>
    <Contest key="2" text="REP - Congress, 18" voteFor="1" isQuestion="false" precinctsReporting="253" precinctsReported="158">
        <Choice key="1" text="Dave Cummings" totalVotes="1933" />
        <Choice key="2" text="Mark Freeman" totalVotes="2132" />
        <Choice key="3" text="Brian Mast" totalVotes="13893" />
    </Contest>
    <Contest key="3" text="REP - Congress, 22" voteFor="1" isQuestion="false" precinctsReporting="59" precinctsReported="41">
        <Choice key="1" text="Nicolas Kimaz" totalVotes="2670" />
        <Choice key="2" text="Javier ''Javi'' Manjarres" totalVotes="2369" />
        <Choice key="3" text="Eddison Walters" totalVotes="2037" />
    </Contest>
    <Contest key="4" text="REP - Governor and  Lt.Governor" voteFor="1" isQuestion="false" precinctsReporting="871" precinctsReported="579">
        <Choice key="1" text="Don Baldauf" totalVotes="565" />
        <Choice key="2" text="Ron DeSantis" totalVotes="38756" />
        <Choice key="3" text="Timothy M. Devine" totalVotes="660" />
        <Choice key="4" text="Bob Langford" totalVotes="576" />
        <Choice key="5" text="John Joseph Mercadante" totalVotes="465" />
        <Choice key="6" text="Bruce Nathan" totalVotes="747" />
        <Choice key="7" text="Adam H. Putnam" totalVotes="16089" />
        <Choice key="8" text="Bob White" totalVotes="898" />
    </Contest>
    <Contest key="5" text="REP - Attorney General" voteFor="1" isQuestion="false" precinctsReporting="871" precinctsReported="579">
        <Choice key="1" text="Ashley Moody" totalVotes="32820" />
        <Choice key="2" text="Frank White" totalVotes="21015" />
    </Contest>
    <Contest key="6" text="REP - Agriculture Commissioner" voteFor="1" isQuestion="false" precinctsReporting="871" precinctsReported="579">
        <Choice key="1" text="Matt Caldwell" totalVotes="20323" />
        <Choice key="2" text="Denise Grimsley" totalVotes="14747" />
        <Choice key="3" text="Mike McCalister" totalVotes="11143" />
        <Choice key="4" text="Baxter Troutman" totalVotes="4877" />
    </Contest>
    <Contest key="7" text="REP - State Senate, 25" voteFor="1" isQuestion="false" precinctsReporting="40" precinctsReported="31">
        <Choice key="1" text="Gayle Harrell" totalVotes="982" />
        <Choice key="2" text="Belinda Keiser" totalVotes="1134" />
    </Contest>
    <Contest key="8" text="REP - State Rep, District  89" voteFor="1" isQuestion="false" precinctsReporting="98" precinctsReported="72">
        <Choice key="1" text="Mike Caruso" totalVotes="5440" />
        <Choice key="2" text="Matt Spritz" totalVotes="4168" />
    </Contest>
    <Contest key="9" text="DEM - Congress, 18" voteFor="1" isQuestion="false" precinctsReporting="253" precinctsReported="158">
        <Choice key="1" text="Lauren Baer" totalVotes="10647" />
        <Choice key="2" text="Pam Keith" totalVotes="5845" />
    </Contest>
    <Contest key="10" text="DEM - Congress, 20" voteFor="1" isQuestion="false" precinctsReporting="146" precinctsReported="78">
        <Choice key="1" text="Sheila Cherfilus-McCormick" totalVotes="3625" />
        <Choice key="2" text="Alcee L. Hastings" totalVotes="10034" />
    </Contest>
    <Contest key="11" text="DEM - Congress, 22" voteFor="1" isQuestion="false" precinctsReporting="59" precinctsReported="41">
        <Choice key="1" text="Ted Deutch" totalVotes="8564" />
        <Choice key="2" text="Jeff Fandl" totalVotes="845" />
    </Contest>
    <Contest key="12" text="DEM - Governor and  Lt.Governor" voteFor="1" isQuestion="false" precinctsReporting="871" precinctsReported="579">
        <Choice key="1" text="Andrew Gillum" totalVotes="27048" />
        <Choice key="2" text="Gwen Graham" totalVotes="28190" />
        <Choice key="3" text="Jeff Greene" totalVotes="14506" />
        <Choice key="4" text="Chris King" totalVotes="1380" />
        <Choice key="5" text="Philip Levine" totalVotes="27354" />
        <Choice key="6" text="Alex ''Lundy'' Lundmark" totalVotes="308" />
        <Choice key="7" text="John Wetherbee" totalVotes="502" />
    </Contest>
    <Contest key="13" text="DEM - Attorney General" voteFor="1" isQuestion="false" precinctsReporting="871" precinctsReported="579">
        <Choice key="1" text="Sean Shaw" totalVotes="71305" />
        <Choice key="2" text="Ryan Torrens" totalVotes="19137" />
    </Contest>
    <Contest key="14" text="DEM - Agriculture Commissioner" voteFor="1" isQuestion="false" precinctsReporting="871" precinctsReported="579">
        <Choice key="1" text="Nicole ''Nikki'' Fried" totalVotes="61293" />
        <Choice key="2" text="Jeffrey Duane Porter" totalVotes="11417" />
        <Choice key="3" text="Roy David Walker" totalVotes="18248" />
    </Contest>
    <Contest key="15" text="DEM - State Senate, 30" voteFor="1" isQuestion="false" precinctsReporting="384" precinctsReported="196">
        <Choice key="1" text="Rubin Anderson" totalVotes="6525" />
        <Choice key="2" text="Bobby Powell Jr" totalVotes="20322" />
    </Contest>
    <Contest key="16" text="State Rep, District  81" voteFor="1" isQuestion="false" precinctsReporting="71" precinctsReported="62">
        <Choice key="1" text="Mindy Koch" totalVotes="7047" />
        <Choice key="2" text="Tina Polsky" totalVotes="11333" />
    </Contest>
    <Contest key="17" text="DEM - State Rep, District  87" voteFor="1" isQuestion="false" precinctsReporting="85" precinctsReported="39">
        <Choice key="1" text="Edgardo Hernandez" totalVotes="1526" />
        <Choice key="2" text="David Silvers" totalVotes="2709" />
    </Contest>
    <Contest key="18" text="DEM - State Rep, District  89" voteFor="1" isQuestion="false" precinctsReporting="98" precinctsReported="72">
        <Choice key="1" text="Jim Bonfiglio" totalVotes="5636" />
        <Choice key="2" text="Ryan A. Rossi" totalVotes="4401" />
    </Contest>
    <Contest key="19" text="DEM - County Commission 2" voteFor="1" isQuestion="false" precinctsReporting="118" precinctsReported="48">
        <Choice key="1" text="Emmanuel G. Morel" totalVotes="1544" />
        <Choice key="2" text="Sylvia Sharps" totalVotes="2480" />
        <Choice key="3" text="Gregg Weiss" totalVotes="4063" />
    </Contest>
    <Contest key="20" text="DEM - Port of Palm Beach Group 5" voteFor="1" isQuestion="false" precinctsReporting="316" precinctsReported="178">
        <Choice key="1" text="Joseph Anderson" totalVotes="12018" />
        <Choice key="2" text="Scott Holtz" totalVotes="7796" />
        <Choice key="3" text="John Charles Sansbury" totalVotes="2648" />
        <Choice key="4" text="Kesnel Theus Jr" totalVotes="1631" />
    </Contest>
    <Contest key="21" text="Circuit Judge, 15th Circuit, Group 13" voteFor="1" isQuestion="false" precinctsReporting="871" precinctsReported="579">
        <Choice key="1" text="Jordan H. Jordan" totalVotes="31357" />
        <Choice key="2" text="Scott Ryan Kerner" totalVotes="63375" />
        <Choice key="3" text="Alcolya J.L. St. Juste" totalVotes="56710" />
    </Contest>
    <Contest key="22" text="Circuit Judge, 15th Circuit, Group 18" voteFor="1" isQuestion="false" precinctsReporting="871" precinctsReported="579">
        <Choice key="1" text="Maxine Cheesman" totalVotes="62444" />
        <Choice key="2" text="Marybel Reinoso Coleman" totalVotes="48453" />
        <Choice key="3" text="Joseph ''Joe'' Maryuma" totalVotes="41822" />
    </Contest>
    <Contest key="23" text="Circuit Judge, 15th Circuit, Group 25" voteFor="1" isQuestion="false" precinctsReporting="871" precinctsReported="579">
        <Choice key="1" text="Henry Quinn Johnson" totalVotes="39057" />
        <Choice key="2" text="Michael McAuliffe" totalVotes="53356" />
        <Choice key="3" text="Sarah Willis" totalVotes="61251" />
    </Contest>
    <Contest key="24" text="County Judge, Group 4" voteFor="1" isQuestion="false" precinctsReporting="871" precinctsReported="579">
        <Choice key="1" text="Allen ''Antonio'' Ambrosino" totalVotes="21895" />
        <Choice key="2" text="Lloyd Comiter" totalVotes="27588" />
        <Choice key="3" text="Gabriel ''Gabe'' Ermine" totalVotes="20828" />
        <Choice key="4" text="Allegra Fung" totalVotes="35914" />
        <Choice key="5" text="Ashley Zuckerman" totalVotes="46807" />
    </Contest>
    <Contest key="25" text="County Judge, Group 5" voteFor="1" isQuestion="false" precinctsReporting="871" precinctsReported="579">
        <Choice key="1" text="Sara Alijewicz" totalVotes="79239" />
        <Choice key="2" text="Richard Llerena" totalVotes="35747" />
        <Choice key="3" text="Jeremy Zubkoff" totalVotes="35293" />
    </Contest>
    <Contest key="26" text="Member, School Bd. District 7" voteFor="1" isQuestion="false" precinctsReporting="105" precinctsReported="67">
        <Choice key="1" text="Edwin Ferguson" totalVotes="6935" />
        <Choice key="2" text="Debra Lynne Robinson" totalVotes="10836" />
    </Contest>
    <Contest key="27" text="Jupiter Inlet District 4" voteFor="1" isQuestion="false" precinctsReporting="101" precinctsReported="65">
        <Choice key="1" text="Shawn Ray Lopez" totalVotes="4344" />
        <Choice key="2" text="Gail P. Whipple" totalVotes="10595" />
    </Contest>
    <Contest key="28" text="Boca Raton Mayor" voteFor="1" isQuestion="false" precinctsReporting="38" precinctsReported="25">
        <Choice key="1" text="Alfred ''Al'' Zucaro" totalVotes="5098" />
        <Choice key="2" text="Scott Singer" totalVotes="9281" />
        <Choice key="3" text="Bernard Korn" totalVotes="468" />
    </Contest>
    <Contest key="29" text="Boca Raton City Council Seat A" voteFor="1" isQuestion="false" precinctsReporting="38" precinctsReported="25">
        <Choice key="1" text="Andy Thomson" totalVotes="6205" />
        <Choice key="2" text="Kathryn ''Kathy'' Cottrell" totalVotes="6432" />
        <Choice key="3" text="Tamara McKee" totalVotes="1660" />
    </Contest>
    <Contest key="30" text="Palm Beach Gardens Question 1" voteFor="1" isQuestion="false" precinctsReporting="52" precinctsReported="29">
        <Choice key="1" text="YES" totalVotes="3263" />
        <Choice key="2" text="NO" totalVotes="6106" />
    </Contest>
    <Contest key="31" text="Palm Beach Gardens Question 2" voteFor="1" isQuestion="false" precinctsReporting="52" precinctsReported="29">
        <Choice key="1" text="YES" totalVotes="5397" />
        <Choice key="2" text="NO" totalVotes="3503" />
    </Contest>
    <Contest key="32" text="Palm Beach Gardens Question 3" voteFor="1" isQuestion="false" precinctsReporting="52" precinctsReported="29">
        <Choice key="1" text="YES" totalVotes="2720" />
        <Choice key="2" text="NO" totalVotes="6295" />
    </Contest>
    <Contest key="33" text="Loxahatchee Groves Question" voteFor="1" isQuestion="false" precinctsReporting="1" precinctsReported="0">
        <Choice key="1" text="YES" totalVotes="53" />
        <Choice key="2" text="NO" totalVotes="89" />
    </Contest>
</ElectionResult>