"line number","contest name","choice name","party name","total votes","percent of votes","registered voters","ballots cast","num County total","num County rptg","over votes","under votes"
1,"United States Senator","Rick Scott","",243485,41.61,0,0,871,871,"0","0"
2,"United States Senator","Bill Nelson","",341632,58.39,0,0,871,871,"0","0"
3,"Congress, 18","Brian Mast","",73675,52.73,0,0,253,253,"0","0"
4,"Congress, 18","Lauren Baer","",66033,47.27,0,0,253,253,"0","0"
5,"Congress, 20","Alcee L. Hastings","",55077,100.00,0,0,146,146,"0","0"
6,"Congress, 22","Nicolas Kimaz","",27246,43.32,0,0,59,59,"0","0"
7,"Congress, 22","Ted Deutch","",35646,56.68,0,0,59,59,"0","0"
8,"Governor and  Lt.Governor","Ron DeSantis","",239861,41.12,0,0,871,871,"0","0"
9,"Governor and  Lt.Governor","Andrew Gillum","",339214,58.15,0,0,871,871,"0","0"
10,"Governor and  Lt.Governor","Darcy G. Richardson","",2037,0.35,0,0,871,871,"0","0"
11,"Governor and  Lt.Governor","Kyle ''KC'' Gibson","",952,0.16,0,0,871,871,"0","0"
12,"Governor and  Lt.Governor","Ryan Christopher Foley","",593,0.10,0,0,871,871,"0","0"
13,"Governor and  Lt.Governor","Bruce Stanley","",684,0.12,0,0,871,871,"0","0"
14,"Attorney General","Ashley Moody","",245456,42.57,0,0,871,871,"0","0"
15,"Attorney General","Sean Shaw","",321209,55.70,0,0,871,871,"0","0"
16,"Attorney General","Jeffrey Marc Siskind","",9996,1.73,0,0,871,871,"0","0"
17,"Chief Financial Officer","Jimmy Patronis","",237769,41.96,0,0,871,871,"0","0"
18,"Chief Financial Officer","Jeremy Ring","",328831,58.04,0,0,871,871,"0","0"
19,"Agriculture Commissioner","Matt Caldwell","",234026,40.91,0,0,871,871,"0","0"
20,"Agriculture Commissioner","Nicole ''Nikki'' Fried","",338091,59.09,0,0,871,871,"0","0"
21,"State Senate, 25","Gayle Harrell","",9298,54.71,0,0,40,40,"0","0"
22,"State Senate, 25","Robert Levy","",7696,45.29,0,0,40,40,"0","0"
23,"State Senate, 30","Bobby Powell Jr","",131385,100.00,0,0,384,384,"0","0"
24,"State Rep, District  82","MaryLynn Magar","",20047,58.94,0,0,60,60,"0","0"
25,"State Rep, District  82","Edward Francis O'Connor","",13964,41.06,0,0,60,60,"0","0"
26,"State Rep, District  85","Rick Roth","",44723,54.67,0,0,167,167,"0","0"
27,"State Rep, District  85","Ellen Baker","",37081,45.33,0,0,167,167,"0","0"
28,"State Rep, District  86","Laurel S. Bennett","",26657,40.15,0,0,115,115,"0","0"
29,"State Rep, District  86","Matt Willhite","",39736,59.85,0,0,115,115,"0","0"
30,"State Rep, District  87","David Silvers","",25169,84.60,0,0,85,85,"0","0"
31,"State Rep, District  87","Samson LeBeau Kpadenou","",4580,15.40,0,0,85,85,"0","0"
32,"State Rep, District  89","Mike Caruso","",38993,50.08,0,0,98,98,"0","0"
33,"State Rep, District  89","Jim Bonfiglio","",38869,49.92,0,0,98,98,"0","0"
34,"County Commission 2","Gregg Weiss","",45561,100.00,0,0,118,118,"0","0"
35,"County Commission 4","William ''Billy'' Vale","",43014,45.73,0,0,117,117,"0","0"
36,"County Commission 4","Robert S. Weinroth","",51052,54.27,0,0,117,117,"0","0"
37,"Port of Palm Beach Group 5","Joseph Anderson","",118825,100.00,0,0,316,316,"0","0"
38,"Justice Alan Lawson","YES","",348458,74.14,0,0,871,871,"0","0"
39,"Justice Alan Lawson","NO","",121517,25.86,0,0,871,871,"0","0"
40,"Judge Burton C. Conner","YES","",354978,75.65,0,0,871,871,"0","0"
41,"Judge Burton C. Conner","NO","",114264,24.35,0,0,871,871,"0","0"
42,"Judge Jeffrey T. Kuntz","YES","",343616,74.02,0,0,871,871,"0","0"
43,"Judge Jeffrey T. Kuntz","NO","",120580,25.98,0,0,871,871,"0","0"
44,"Judge Carole Y. Taylor","YES","",367847,79.46,0,0,871,871,"0","0"
45,"Judge Carole Y. Taylor","NO","",95108,20.54,0,0,871,871,"0","0"
46,"Circuit Judge, 15th Circuit, Group 13","Scott Ryan Kerner","",251748,54.13,0,0,871,871,"0","0"
47,"Circuit Judge, 15th Circuit, Group 13","Alcolya J.L. St. Juste","",213310,45.87,0,0,871,871,"0","0"
48,"Circuit Judge, 15th Circuit, Group 18","Maxine Cheesman","",271405,58.96,0,0,871,871,"0","0"
49,"Circuit Judge, 15th Circuit, Group 18","Marybel Reinoso Coleman","",188899,41.04,0,0,871,871,"0","0"
50,"Circuit Judge, 15th Circuit, Group 25","Michael McAuliffe","",193305,41.70,0,0,871,871,"0","0"
51,"Circuit Judge, 15th Circuit, Group 25","Sarah Willis","",270303,58.30,0,0,871,871,"0","0"
52,"County Judge, Group 4","Allegra Fung","",215842,47.11,0,0,871,871,"0","0"
53,"County Judge, Group 4","Ashley Zuckerman","",242333,52.89,0,0,871,871,"0","0"
54,"Palm Beach Soil & Water Dist, Group 1","David E. Legg","",128253,29.65,0,0,871,871,"0","0"
55,"Palm Beach Soil & Water Dist, Group 1","Michelle Sylvester","",242802,56.13,0,0,871,871,"0","0"
56,"Palm Beach Soil & Water Dist, Group 1","Ian Matthew Wellinghurst","",61511,14.22,0,0,871,871,"0","0"
57,"Palm Beach Soil & Water Dist, Group 5","Mark Beaumont","",168791,39.94,0,0,871,871,"0","0"
58,"Palm Beach Soil & Water Dist, Group 5","Eva Webb","",253822,60.06,0,0,871,871,"0","0"
59,"Indian Trail Improvement Dist, Seat 1","Robert K. Carter Jr.","",5530,36.68,0,0,19,19,"0","0"
60,"Indian Trail Improvement Dist, Seat 1","Jennifer Hager","",9545,63.32,0,0,19,19,"0","0"
61,"Indian Trail Improvement Dist, Seat 3","Keith Jordano","",7292,48.92,0,0,19,19,"0","0"
62,"Indian Trail Improvement Dist, Seat 3","Joni Martin","",7613,51.08,0,0,19,19,"0","0"
63,"Indian Trail Improvement Dist, Seat 5","Michael T. Johnson","",9117,61.37,0,0,19,19,"0","0"
64,"Indian Trail Improvement Dist, Seat 5","John Richard Rivera","",5740,38.63,0,0,19,19,"0","0"
65,"Northern Improvement Dist, Seat 2","Gregory Block","",22747,51.82,0,0,161,161,"0","0"
66,"Northern Improvement Dist, Seat 2","Jim Gibbs","",21150,48.18,0,0,161,161,"0","0"
67,"Sonoma Bay CDD- Seat 5","Jose R. Farigua","",63,35.00,0,0,1,1,"0","0"
68,"Sonoma Bay CDD- Seat 5","Pamela D.T. Turner","",117,65.00,0,0,1,1,"0","0"
69,"Thousand Oaks CDD- Seat 3","Brian Kring","",242,33.61,0,0,1,1,"0","0"
70,"Thousand Oaks CDD- Seat 3","Corey M. Smith","",478,66.39,0,0,1,1,"0","0"
71,"Thousand Oaks CDD- Seat 5","Kevin J Foley","",225,31.16,0,0,1,1,"0","0"
72,"Thousand Oaks CDD- Seat 5","Kimberly Jackson","",497,68.84,0,0,1,1,"0","0"
73,"Amendment 1","YES","",314326,57.15,0,0,871,871,"0","0"
74,"Amendment 1","NO","",235662,42.85,0,0,871,871,"0","0"
75,"Amendment 2","YES","",373964,68.68,0,0,871,871,"0","0"
76,"Amendment 2","NO","",170560,31.32,0,0,871,871,"0","0"
77,"Amendment 3","YES","",407594,73.24,0,0,871,871,"0","0"
78,"Amendment 3","NO","",148889,26.76,0,0,871,871,"0","0"
79,"Amendment 4","YES","",377915,67.70,0,0,871,871,"0","0"
80,"Amendment 4","NO","",180340,32.30,0,0,871,871,"0","0"
81,"Amendment 5","YES","",354812,63.21,0,0,871,871,"0","0"
82,"Amendment 5","NO","",206496,36.79,0,0,871,871,"0","0"
83,"Amendment 6","YES","",345519,61.45,0,0,871,871,"0","0"
84,"Amendment 6","NO","",216788,38.55,0,0,871,871,"0","0"
85,"Amendment 7","YES","",358975,64.30,0,0,871,871,"0","0"
86,"Amendment 7","NO","",199345,35.70,0,0,871,871,"0","0"
87,"Amendment 9","YES","",417900,74.50,0,0,871,871,"0","0"
88,"Amendment 9","NO","",143018,25.50,0,0,871,871,"0","0"
89,"Amendment 10","YES","",342859,62.73,0,0,871,871,"0","0"
90,"Amendment 10","NO","",203709,37.27,0,0,871,871,"0","0"
91,"Amendment 11","YES","",368708,69.40,0,0,871,871,"0","0"
92,"Amendment 11","NO","",162548,30.60,0,0,871,871,"0","0"
93,"Amendment 12","YES","",453802,83.18,0,0,871,871,"0","0"
94,"Amendment 12","NO","",91733,16.82,0,0,871,871,"0","0"
95,"Amendment 13","YES","",408015,73.55,0,0,871,871,"0","0"
96,"Amendment 13","NO","",146695,26.45,0,0,871,871,"0","0"
97,"School Board Question","YES","",382178,72.37,0,0,871,871,"0","0"
98,"School Board Question","NO","",145911,27.63,0,0,871,871,"0","0"
